{"cameraMode":{"drawMode":0,"name":"Shaded","section":"Shading Mode"},"sceneLighting":true,"audioPlay":false,"sceneViewState":{"showFog":true,"showMaterialUpdate":false,"showSkybox":true,"showFlares":true,"showImageEffects":true,"showParticleSystems":true,"showVisualEffectGraphs":true,"m_FxEnabled":true},"in2DMode":false,"pivot":{"x":2.457500457763672,"y":-0.5244693756103516,"z":2.6122570037841799},"rotation":{"x":-0.26991915702819826,"y":0.0020193506497889759,"z":-0.000566046335734427,"w":-0.9628804922103882},"size":4.207394599914551,"orthographic":false}