{"cameraMode":{"drawMode":0,"name":"Shaded","section":"Shading Mode"},"sceneLighting":true,"audioPlay":false,"sceneViewState":{"showFog":true,"showMaterialUpdate":false,"showSkybox":true,"showFlares":true,"showImageEffects":true,"showParticleSystems":true,"showVisualEffectGraphs":true,"m_FxEnabled":false},"in2DMode":false,"pivot":{"x":1.1499948501586915,"y":1.4572094678878785,"z":1.1160378456115723},"rotation":{"x":0.020043229684233667,"y":0.971875011920929,"z":-0.08977297693490982,"w":0.2169068455696106},"size":2.5574395656585695,"orthographic":false}