{"cameraMode":{"drawMode":0,"name":"Shaded","section":"Shading Mode"},"sceneLighting":true,"audioPlay":false,"sceneViewState":{"showFog":true,"showMaterialUpdate":false,"showSkybox":true,"showFlares":true,"showImageEffects":true,"showParticleSystems":true,"showVisualEffectGraphs":true,"m_FxEnabled":false},"in2DMode":false,"pivot":{"x":0.8793110847473145,"y":0.2933170795440674,"z":1.3170833587646485},"rotation":{"x":0.032609645277261737,"y":0.965964674949646,"z":-0.15252870321273805,"w":0.20647881925106049},"size":3.1574394702911379,"orthographic":false}