{"cameraMode":{"drawMode":0,"name":"Shaded","section":"Shading Mode"},"sceneLighting":true,"audioPlay":false,"sceneViewState":{"showFog":true,"showMaterialUpdate":false,"showSkybox":true,"showFlares":true,"showImageEffects":true,"showParticleSystems":true,"showVisualEffectGraphs":true,"m_FxEnabled":true},"in2DMode":false,"pivot":{"x":11.979055404663086,"y":8.834428787231446,"z":-0.6275863647460938},"rotation":{"x":-0.059524938464164737,"y":-0.18488749861717225,"z":0.011219467036426068,"w":-0.9808932542800903},"size":24.621938705444337,"orthographic":false}