{"cameraMode":{"drawMode":0,"name":"Shaded","section":"Shading Mode"},"sceneLighting":true,"audioPlay":false,"sceneViewState":{"showFog":true,"showMaterialUpdate":false,"showSkybox":true,"showFlares":true,"showImageEffects":true,"showParticleSystems":true,"showVisualEffectGraphs":true,"m_FxEnabled":true},"in2DMode":false,"pivot":{"x":-0.1647888720035553,"y":0.09144245088100434,"z":-0.9797935485839844},"rotation":{"x":-0.18826809525489808,"y":0.15106390416622163,"z":-0.029320737347006799,"w":-0.9699878692626953},"size":0.3073950409889221,"orthographic":false}