{"cameraMode":{"drawMode":0,"name":"Shaded","section":"Shading Mode"},"sceneLighting":true,"audioPlay":false,"sceneViewState":{"showFog":true,"showMaterialUpdate":false,"showSkybox":true,"showFlares":true,"showImageEffects":true,"showParticleSystems":true,"showVisualEffectGraphs":true,"m_FxEnabled":true},"in2DMode":false,"pivot":{"x":23.596595764160158,"y":10.278514862060547,"z":-4.113011837005615},"rotation":{"x":-0.06274507194757462,"y":0.18515782058238984,"z":0.01181146502494812,"w":0.9806561470031738},"size":3.670470714569092,"orthographic":false}